{
  "hackathons": [
    {
      "image": "./hackathonImage2.png",
      "id": 1,
      "name": "Tech Innovators Hackathon 2024",
      "description": "Join us for an exciting 48-hour hackathon focused on creating innovative solutions for sustainable technology. Open to developers, designers, and problem-solvers of all levels.",
      "startDate": "2024-08-15",
      "endDate": "2024-08-17",
      "registrationEndDate": "2024-08-10",
      "mode": "hybrid",
      "city": "San Francisco",
      "teamMembersMinimum": 2,
      "teamMembersLimit": 5,
      "registrationLink": "https://hackathon.com/register/tech-innovators-2024",
      "prizeFund": 25000.0,
      "status": "open"
    },
    {
      "id": 2,
      "image": "./hackathonImage3.png",

      "name": "AI Challenge Online",
      "description": "A virtual hackathon dedicated to artificial intelligence and machine learning projects. Compete from anywhere in the world!",
      "startDate": "2024-09-01",
      "endDate": "2024-09-03",
      "registrationEndDate": "2024-08-25",
      "mode": "online",
      "city": null,
      "teamMembersMinimum": 1,
      "teamMembersLimit": 4,
      "registrationLink": "https://hackathon.com/register/ai-challenge-2024",
      "prizeFund": 15000.5,
      "status": "open"
    },
    {
      "id": 3,
      "image": "./hackathonImage4.webp",
      "name": "GreenTech Local Hack",
      "description": "Local environmental technology hackathon focusing on solutions for urban sustainability challenges.",
      "startDate": "2024-10-10",
      "endDate": "2024-10-11",
      "registrationEndDate": "2024-10-01",
      "mode": "offline",
      "city": "Berlin",
      "teamMembersMinimum": 3,
      "teamMembersLimit": 6,
      "registrationLink": "https://hackathon.com/register/greentech-berlin",
      "prizeFund": 8000.0,
      "status": "draft"
    },
    {
      "id": 4,
      "image": "./hackathonImage5.webp",
      "name": "FinTech Hackathon 2023",
      "description": "Annual financial technology competition that took place last year with great success.",
      "startDate": "2023-11-05",
      "endDate": "2023-11-07",
      "registrationEndDate": "2023-10-28",
      "mode": "hybrid",
      "city": "New York",
      "teamMembersMinimum": 2,
      "teamMembersLimit": 4,
      "registrationLink": "https://hackathon.com/register/fintech-2023",
      "prizeFund": 30000.0,
      "status": "closed"
    }
  ],
  "pagination": {
    "total": 4,
    "page": 1,
    "limit": 10,
    "totalPages": 1
  }
}
